name,price,category,image,description
Dice Set,19.99,Dungeons & Dragons,https://d7iqgdhiewozi.cloudfront.net/media/product/O/1/1658374316_O1CN01zzj3Ao1uHXsOXRfwz_-3907556012-0-cib.png,A beautiful set of dice for your next adventure.
Miniature Space Marine,12.50,Warhammer,https://www.warhammer-community.com/wp-content/uploads/2020/05/3ZyzN4x4DNb8eI4U.png,Highly detailed Space Marine miniature for your Warhammer game.
Magic The Gathering: Modern Horizons 2 Card Pack,5.99,Magic: The Gathering,https://twentysidedstore.com/cdn/shop/products/ModernHorizons2BoosterPack1_1000x1000.png?v=1624074756,A pack of Magic cards from the Modern Horizons 2 set.
Catan The Board Game,29.99,General,https://target.scene7.com/is/image/Target/GUEST_4a6c6a4b-4279-4520-9c7d-2e5036b525a4?wid=488&hei=488&fmt=pjpeg,A board game for a fun game night with your friends.
Miniature Chaos Space Marine,12.50,Warhammer,https://warhammer40000.com/games/wp-content/uploads/sites/2/2018/07/ChaosSpaceMarine-490x550.png,A highly detailed Chaos Space Marine minature for your Warhammer game.
D&D Curse Of Strahd,50.00,Dungeons & Dragons,https://beadleandgrimms.com/cdn/shop/products/Untitled_Artwork30.png?v=1687891294&width=1200,Unravel the mysteries of Ravenloft in this dread adventure for the worlds greatest roleplaying game.
Rick Steadfast Leader (Secret Lair Drop),40.00,Magic: The Gathering,https://gatherer.wizards.com/Handlers/Image.ashx?multiverseid=497505&type=card,An exclusive Walking Dead Secret Lair card drop perfect for your commander deck.
Card Sleeves,20.00,General,https://m.media-amazon.com/images/I/71FpTGPPOWL.jpg,A pack of card sleeves perfect for your tabletop needs.
Miniature Necron Overlord, 14.99,Warhammer,https://static.tvtropes.org/pmwiki/pub/images/imotekhthestormlord_1.png,Command your Necron army with this imposing Overlord figure.
Miniature Tyranid Broodlord,19.99,Warhammer,https://warhammer40000.com/games/wp-content/uploads/sites/2/2019/07/01-Broodlord-128-490x550.png,Lead your Tyranid swarm with the fierce and powerful Broodlord.
Miniature Ork Boyz Squad,25.00,Warhammer,https://cdn11.bigcommerce.com/s-p4onje36dt/images/stencil/1280x1280/products/2160/4225/Ork-Boyz-2__22047.1707332598.png?c=1,A 11-figure set of Ork Boyz perfect for expanding your Warhammer army.
Miku the Renowned (Secret Lair Drop),9.00,Magic: The Gathering,https://cdn-prod.scalefast.com/public/assets/user/10751401/sample/462cb7bf28ead2a2273010cdb502705f.png,A Secret Lair drop card featuring Miku perfect for Miku fan wanting a strong commander for their deck.
Magic The Gathering: Strixhaven Card Pack,4.95,Magic: The Gathering,https://levelonegameshop.com/cdn/shop/products/bdcb74cb095e135ec2da5e41085fd22c.png?v=1624122466,A pack of Magic cards from the Strixhaven card set.
Commander Legends Draft Booster Box,120.00, Magic: The Gathering,https://images.ctfassets.net/s5n2t79q9icq/2nzQZDNZJvhFgUzW7Z9kHF/7bf4fd512bf5806621976e5c79b95ff6/vRqR5ifgLb_en.png,Enjoy drafting and building your Commander deck with this set of boosters.
Ticket To Ride,47.99,General,https://images.squarespace-cdn.com/content/v1/59309136ff7c50b2917d4985/1654788246497-3FV9H8JB7G6GPN14MXAP/TickettoRide.png?format=750w,Travel the world and collect train cards to build the longest route.
Munchkin Deluxe Edition,24.99,General,https://munchkin.game/site-munchkin/assets/files/1346/pathfinder_deluxe.png,A fast-paced game of dungeon crawling and treasure grabbing.
The Thing - The Board Game,49.99,General,https://cdn11.bigcommerce.com/s-285hkc2e8r/images/stencil/1280x1280/products/18732/22603/image__76853.1652719663.png?c=2,Step into the paranoia-filled world of John Carpenter's The Thing with this intense strategy game.
D&D Player's Handbook,49.95,Dungeons & Dragons,https://images.squarespace-cdn.com/content/v1/59309136ff7c50b2917d4985/1678388698636-TGAZP9JZ15LR5WYGI0HW/PlayersHandbook_600.png?format=1000w,Everything a player needs to create heroic characters for the worlds greatest roleplaying game.
D&D Shadow Of The Dragon Queen,59.94,Dungeons & Dragons,https://cdn-prod.scalefast.com/public/assets/img/resized/wizardsofthecoast-dnd-beyond/463962adfcca1c6cf33481c356eace04_990_KR.png,Embark against the Dragon Queen for the fate of the world in this epic campaign.
D&D Essentials Kit,45.94,Dungeons & Dragons,https://cdn-prod.scalefast.com/public/assets/img/resized/wizardsofthecoast-dnd-beyond/33e9a69785a78e838e80c78d3a12a0ab_990_KR.png,Get started with everything you need to be prepared for your first campaign with this essentials kit.
Miniature Tau Empire Start Collecting Starter Set,95.00,Warhammer,https://www.sandmanbooks.com/sites/sandmanbooks.com/files/tau-empire-start-collecting-warhammer-40k-miniatures_0.png,Start collecting and build your Tau empire today to start fighting for the greater good in the Warhammer 40k universe.